{"cameraMode":{"drawMode":0,"name":"Shaded","section":"Shading Mode"},"sceneLighting":true,"audioPlay":false,"sceneViewState":{"m_AlwaysRefresh":false,"showFog":true,"showSkybox":true,"showFlares":true,"showImageEffects":true,"showParticleSystems":true,"showVisualEffectGraphs":true,"m_FxEnabled":true},"in2DMode":false,"pivot":{"x":-10.255461692810059,"y":25.857961654663087,"z":-85.64051055908203},"rotation":{"x":-0.20604944229125977,"y":0.29745110869407656,"z":-0.06182850897312164,"w":-0.9311617016792297},"size":0.988278865814209,"orthographic":false}